codine,2002,2003,2004,2005,2006,2007,2008,2009,2010,2011,2012,2013,2014,2015,2016,2017,2018,2019,2020,2021,P2013,P2014,P2015,P2016,P2017,P2018,P2019,P2020,P2021,VIA2013,VIA2014,VIA2015,VIA2016,VIA2017,VIA2018,VIA2019,VIA2020,VIA2021
03001,103,95,117,121,136,161,178,189,198,203,207,210,130,118,163,153,161,120,113,123,1.45,-37.2,-43,-21.26,-26.09,-22.22,-42.03,-46.19,-5.38,1.45,-38.1,-9.23,38.14,-6.13,5.23,-25.47,-5.83,8.85
03002,3,10,16,20,24,31,31,31,32,35,35,36,32,36,35,40,36,38,40,40,-2.86,-8.57,2.86,0,14.29,2.86,8.57,11.11,25,2.86,-11.11,12.5,-2.78,14.29,-10,5.56,5.26,0
03003,0,0,0,2,3,16,20,19,19,19,21,8,13,12,16,14,11,13,14,14,61.9,-38.1,-42.86,-23.81,-33.33,-47.62,-38.1,75,7.69,-61.9,62.5,-7.69,33.33,-12.5,-21.43,18.18,7.69,0
03004,12,22,54,71,97,112,132,133,131,129,128,120,77,63,53,47,47,60,58,75,6.25,-39.84,-50.78,-58.59,-63.28,-63.28,-53.13,-51.67,-2.6,-6.25,-35.83,-18.18,-15.87,-11.32,0,27.66,-3.33,29.31
03005,38,80,151,265,335,402,447,456,465,427,447,448,337,297,245,241,249,287,296,324,-0.22,-24.61,-33.56,-45.19,-46.09,-44.3,-35.79,-33.93,-3.86,0.22,-24.78,-11.87,-17.51,-1.63,3.32,15.26,3.14,9.46
03006,309,373,427,532,573,588,652,675,684,612,597,564,523,509,484,474,500,485,502,529,5.53,-12.4,-14.74,-18.93,-20.6,-16.25,-18.76,-10.99,1.15,-5.53,-7.27,-2.68,-4.91,-2.07,5.49,-3,3.51,5.38
03007,0,2,6,14,20,24,31,32,36,32,32,33,29,22,25,24,23,19,17,17,-3.13,-9.38,-31.25,-21.88,-25,-28.13,-40.63,-48.48,-41.38,3.13,-12.12,-24.14,13.64,-4,-4.17,-17.39,-10.53,0
03008,0,0,0,0,0,0,0,2,2,2,3,3,3,0,0,2,2,2,4,4,0,0,-100,-100,-33.33,-33.33,-33.33,33.33,33.33,0,0,-100,0,0,0,0,100,0
03009,13,20,21,25,28,28,36,48,54,57,60,30,33,37,40,44,42,50,51,56,50,-45,-38.33,-33.33,-26.67,-30,-16.67,70,69.7,-50,10,12.12,8.11,10,-4.55,19.05,2,9.8
03010,1,0,2,2,4,4,4,6,8,8,8,6,5,5,5,5,7,7,6,6,25,-37.5,-37.5,-37.5,-37.5,-12.5,-12.5,0,20,-25,-16.67,0,0,0,40,0,-14.29,0
03011,1842,1874,1660,2179,2575,2856,3088,3137,3239,3325,3354,3325,3081,3138,2961,1981,2412,2413,2235,2451,0.86,-8.14,-6.44,-11.72,-40.94,-28.09,-28.06,-32.78,-20.45,-0.86,-7.34,1.85,-5.64,-33.1,21.76,0.04,-7.38,9.66
03012,161,320,461,745,1318,1983,2361,2536,2681,2736,2826,2964,2030,1932,1512,1050,1059,1102,1174,1399,-4.88,-28.17,-31.63,-46.5,-62.85,-62.53,-61,-60.39,-31.08,4.88,-31.51,-4.83,-21.74,-30.56,0.86,4.06,6.53,19.17
03013,3,5,5,21,27,28,34,36,38,38,38,39,14,20,19,19,18,13,15,22,-2.63,-63.16,-47.37,-50,-50,-52.63,-65.79,-61.54,57.14,2.63,-64.1,42.86,-5,0,-5.26,-27.78,15.38,46.67
03014,389,491,478,572,711,711,801,832,852,923,949,1001,803,590,663,646,672,741,790,957,-5.48,-15.38,-37.83,-30.14,-31.93,-29.19,-21.92,-21.08,19.18,5.48,-19.78,-26.53,12.37,-2.56,4.02,10.27,6.61,21.14
03015,32,97,172,335,580,708,858,942,1015,717,768,805,790,756,685,663,637,689,708,688,-4.82,2.86,-1.56,-10.81,-13.67,-17.06,-10.29,-12.05,-12.91,4.82,-1.86,-4.3,-9.39,-3.21,-3.92,8.16,2.76,-2.82
03016,4,3,4,10,14,14,18,18,23,23,21,21,11,10,9,9,7,8,8,9,0,-47.62,-52.38,-57.14,-57.14,-66.67,-61.9,-61.9,-18.18,0,-47.62,-9.09,-10,0,-22.22,14.29,0,12.5
03017,3,3,9,12,13,10,12,13,13,14,12,11,8,6,5,3,3,3,3,3,8.33,-33.33,-50,-58.33,-75,-75,-75,-72.73,-62.5,-8.33,-27.27,-25,-16.67,-40,0,0,0,0
03018,575,707,723,970,1193,1287,1386,1408,1441,1417,1458,1463,941,897,706,721,733,784,821,862,-0.34,-35.46,-38.48,-51.58,-50.55,-49.73,-46.23,-43.88,-8.4,0.34,-35.68,-4.68,-21.29,2.12,1.66,6.96,4.72,4.99
03019,28,62,99,184,296,347,391,408,418,335,328,278,231,225,218,178,193,218,238,250,15.24,-29.57,-31.4,-33.54,-45.73,-41.16,-33.54,-14.39,8.23,-15.24,-16.91,-2.6,-3.11,-18.35,8.43,12.95,9.17,5.04
03020,17,17,16,19,22,24,23,25,25,24,24,22,17,15,15,17,16,14,14,13,8.33,-29.17,-37.5,-37.5,-29.17,-33.33,-41.67,-36.36,-23.53,-8.33,-22.73,-11.76,0,13.33,-5.88,-12.5,0,-7.14
03021,0,2,2,2,2,7,11,13,13,13,15,15,15,13,14,10,10,10,10,11,0,0,-13.33,-6.67,-33.33,-33.33,-33.33,-33.33,-26.67,0,0,-13.33,7.69,-28.57,0,0,0,10
03022,0,2,2,2,2,3,3,3,3,3,3,2,3,1,0,0,0,3,3,2,33.33,0,-66.67,-100,-100,-100,0,50,-33.33,-33.33,50,-66.67,-100,0,0,0,0,-33.33
03023,0,0,0,6,12,12,13,13,15,13,13,10,8,9,5,5,6,4,3,4,23.08,-38.46,-30.77,-61.54,-61.54,-53.85,-69.23,-70,-50,-23.08,-20,12.5,-44.44,0,20,-33.33,-25,33.33
03024,3,8,14,32,53,64,77,90,102,108,111,114,109,104,82,87,85,71,73,66,-2.7,-1.8,-6.31,-26.13,-21.62,-23.42,-36.04,-35.96,-39.45,2.7,-4.39,-4.59,-21.15,6.1,-2.3,-16.47,2.82,-9.59
03025,2,15,34,51,94,118,130,139,133,121,118,116,113,107,95,87,83,65,70,72,1.69,-4.24,-9.32,-19.49,-26.27,-29.66,-44.92,-39.66,-36.28,-1.69,-2.59,-5.31,-11.21,-8.42,-4.6,-21.69,7.69,2.86
03026,32,41,56,84,105,134,152,164,117,129,138,156,114,122,119,115,122,113,128,140,-13.04,-17.39,-11.59,-13.77,-16.67,-11.59,-18.12,-17.95,22.81,13.04,-26.92,7.02,-2.46,-3.36,6.09,-7.38,13.27,9.38
03027,1,3,3,12,10,10,18,18,18,18,26,6,18,16,14,6,6,11,6,8,76.92,-30.77,-38.46,-46.15,-76.92,-76.92,-57.69,0,-55.56,-76.92,200,-11.11,-12.5,-57.14,0,83.33,-45.45,33.33
03028,0,0,2,7,7,16,16,16,16,16,16,16,13,13,9,7,7,11,11,6,0,-18.75,-18.75,-43.75,-56.25,-56.25,-31.25,-31.25,-53.85,0,-18.75,0,-30.77,-22.22,0,57.14,0,-45.45
03029,82,119,153,170,198,208,209,218,230,233,235,235,202,190,126,137,153,165,147,165,0,-14.04,-19.15,-46.38,-41.7,-34.89,-29.79,-37.45,-18.32,0,-14.04,-5.94,-33.68,8.73,11.68,7.84,-10.91,12.24
03030,225,247,285,310,354,357,395,417,373,380,394,398,305,307,272,231,244,216,202,237,-1.02,-22.59,-22.08,-30.96,-41.37,-38.07,-45.18,-49.25,-22.3,1.02,-23.37,0.66,-11.4,-15.07,5.63,-11.48,-6.48,17.33
03031,2346,3012,2944,3606,4076,4539,4949,5282,5492,5627,5780,5912,3217,3203,2137,2222,2322,2643,3119,3389,-2.28,-44.34,-44.58,-63.03,-61.56,-59.83,-54.27,-47.24,5.35,2.28,-45.59,-0.44,-33.28,3.98,4.5,13.82,18.01,8.66
03032,0,0,0,0,0,0,0,0,0,0,0,0,0,0,0,0,0,0,0,0,0,0,0,0,0,0,0,0,0,0,0,0,0,0,0,0,0,0
03033,0,0,2,2,2,7,7,9,11,14,14,14,12,8,9,8,7,5,5,5,0,-14.29,-42.86,-35.71,-42.86,-50,-64.29,-64.29,-58.33,0,-14.29,-33.33,12.5,-11.11,-12.5,-28.57,0,0
03034,251,455,697,926,1065,1144,1257,1296,1339,1379,1385,926,1097,995,753,795,828,861,882,907,33.14,-20.79,-28.16,-45.63,-42.6,-40.22,-37.83,-4.75,-17.32,-33.14,18.47,-9.3,-24.32,5.58,4.15,3.99,2.44,2.83
03035,5,6,3,7,7,10,19,28,25,28,27,25,25,26,25,18,18,20,18,16,7.41,-7.41,-3.7,-7.41,-33.33,-33.33,-25.93,-28,-36,-7.41,0,4,-3.85,-28,0,11.11,-10,-11.11
03036,0,0,0,1,1,1,1,4,3,0,0,0,0,0,0,0,0,2,2,2,0,0,0,0,0,0,0,0,0,0,0,0,0,0,0,0,0,0
03037,13,24,28,39,40,37,40,39,45,41,44,31,28,27,30,28,32,33,38,40,29.55,-36.36,-38.64,-31.82,-36.36,-27.27,-25,22.58,42.86,-29.55,-9.68,-3.57,11.11,-6.67,14.29,3.13,15.15,5.26
03038,8,5,9,11,12,25,26,26,27,20,24,24,27,22,21,18,21,23,21,19,0,12.5,-8.33,-12.5,-25,-12.5,-4.17,-12.5,-29.63,0,12.5,-18.52,-4.55,-14.29,16.67,9.52,-8.7,-9.52
03039,1,6,7,12,12,12,12,12,14,13,13,8,10,10,8,8,7,8,5,4,38.46,-23.08,-23.08,-38.46,-38.46,-46.15,-38.46,-37.5,-60,-38.46,25,0,-20,0,-12.5,14.29,-37.5,-20
03040,17,21,36,46,72,91,83,74,77,75,80,87,79,73,55,51,61,67,61,52,-8.75,-1.25,-8.75,-31.25,-36.25,-23.75,-16.25,-29.89,-34.18,8.75,-9.2,-7.59,-24.66,-7.27,19.61,9.84,-8.96,-14.75
03041,908,1168,1068,1224,1444,1545,1710,1755,1838,1887,1941,1943,1228,1227,962,915,844,866,881,954,-0.1,-36.73,-36.79,-50.44,-52.86,-56.52,-55.38,-54.66,-22.31,0.1,-36.8,-0.08,-21.6,-4.89,-7.76,2.61,1.73,8.29
03042,697,902,1033,1284,1576,1838,2090,2166,2214,2257,2311,2313,1629,1631,1177,1117,1194,1176,1238,1237,-0.09,-29.51,-29.42,-49.07,-51.67,-48.33,-49.11,-46.48,-24.06,0.09,-29.57,0.12,-27.84,-5.1,6.89,-1.51,5.27,-0.08
03043,0,0,2,7,7,14,29,33,31,37,36,34,27,25,20,23,27,26,23,24,5.56,-25,-30.56,-44.44,-36.11,-25,-27.78,-32.35,-11.11,-5.56,-20.59,-7.41,-20,15,17.39,-3.7,-11.54,4.35
03044,9,23,36,145,219,258,272,283,277,283,277,195,249,233,216,154,176,167,178,180,29.6,-10.11,-15.88,-22.02,-44.4,-36.46,-39.71,-8.72,-27.71,-29.6,27.69,-6.43,-7.3,-28.7,14.29,-5.11,6.59,1.12
03045,47,44,49,73,76,80,86,99,110,112,110,109,98,94,93,90,90,89,89,87,0.91,-10.91,-14.55,-15.45,-18.18,-18.18,-19.09,-18.35,-11.22,-0.91,-10.09,-4.08,-1.06,-3.23,0,-1.11,0,-2.25
03046,122,201,294,481,592,656,733,776,791,798,800,790,608,558,483,432,411,407,414,422,1.25,-24,-30.25,-39.63,-46,-48.63,-49.13,-47.59,-30.59,-1.25,-23.04,-8.22,-13.44,-10.56,-4.86,-0.97,1.72,1.93
03047,2469,2920,3146,3527,3848,4143,4375,4416,4462,4334,4285,4236,2317,2071,1191,1538,1617,1670,1656,1772,1.14,-45.93,-51.67,-72.21,-64.11,-62.26,-61.03,-60.91,-23.52,-1.14,-45.3,-10.62,-42.49,29.14,5.14,3.28,-0.84,7
03048,182,188,148,188,224,232,242,251,247,251,254,143,158,116,91,86,85,83,109,102,43.7,-37.8,-54.33,-64.17,-66.14,-66.54,-67.32,-23.78,-35.44,-43.7,10.49,-26.58,-21.55,-5.49,-1.16,-2.35,31.33,-6.42
03049,1,9,23,39,53,91,95,114,121,108,110,93,89,93,85,60,48,55,65,73,15.45,-19.09,-15.45,-22.73,-45.45,-56.36,-50,-30.11,-17.98,-15.45,-4.3,4.49,-8.6,-29.41,-20,14.58,18.18,12.31
03050,540,697,734,954,1118,1228,1289,1328,1321,1301,1255,1279,792,801,750,722,664,690,740,781,-1.91,-36.89,-36.18,-40.24,-42.47,-47.09,-45.02,-42.14,-1.39,1.91,-38.08,1.14,-6.37,-3.73,-8.03,3.92,7.25,5.54
03051,1,1,1,1,1,1,1,1,1,1,1,1,3,3,2,4,5,1,1,1,0,200,200,100,300,400,0,0,-66.67,0,200,0,-33.33,100,25,-80,0,0
03052,1,1,1,1,1,1,1,1,1,1,1,1,0,2,2,2,2,2,2,2,0,-100,100,100,100,100,100,100,0,0,-100,0,0,0,0,0,0,0
03053,15,29,121,439,634,822,952,1022,1071,1087,1101,1108,733,611,482,404,397,394,415,430,-0.64,-33.42,-44.5,-56.22,-63.31,-63.94,-64.21,-62.55,-41.34,0.64,-33.84,-16.64,-21.11,-16.18,-1.73,-0.76,5.33,3.61
03054,0,14,23,33,41,50,53,57,60,69,65,71,42,40,40,41,45,47,46,40,-9.23,-35.38,-38.46,-38.46,-36.92,-30.77,-27.69,-35.21,-4.76,9.23,-40.85,-4.76,0,2.5,9.76,4.44,-2.13,-13.04
03055,7,25,76,364,945,1277,1433,1479,1522,1520,1503,959,879,890,792,850,847,787,878,872,36.19,-41.52,-40.79,-47.31,-43.45,-43.65,-47.64,-8.45,-0.8,-36.19,-8.34,1.25,-11.01,7.32,-0.35,-7.08,11.56,-0.68
03056,35,41,52,76,138,194,232,226,248,249,250,209,171,133,123,115,110,106,109,121,16.4,-31.6,-46.8,-50.8,-54,-56,-57.6,-47.85,-29.24,-16.4,-18.18,-22.22,-7.52,-6.5,-4.35,-3.64,2.83,11.01
03057,2,14,13,11,11,16,16,18,18,22,23,4,1,3,8,10,10,8,11,8,82.61,-95.65,-86.96,-65.22,-56.52,-56.52,-65.22,175,700,-82.61,-75,200,166.67,25,0,-20,37.5,-27.27
03058,1,9,10,12,11,13,11,31,36,38,39,35,37,37,26,29,27,27,25,21,10.26,-5.13,-5.13,-33.33,-25.64,-30.77,-30.77,-28.57,-43.24,-10.26,5.71,0,-29.73,11.54,-6.9,0,-7.41,-16
03059,59,118,214,316,383,427,478,479,443,322,310,323,325,321,336,343,369,387,380,448,-4.19,4.84,3.55,8.39,10.65,19.03,24.84,17.65,37.85,4.19,0.62,-1.23,4.67,2.08,7.58,4.88,-1.81,17.89
03060,6,6,6,6,6,4,4,3,3,3,3,3,2,1,1,2,7,5,5,1,0,-33.33,-66.67,-66.67,-33.33,133.33,66.67,66.67,-50,0,-33.33,-50,0,100,250,-28.57,0,-80
03061,6,7,65,219,309,351,424,436,454,461,468,454,295,268,262,195,235,232,228,237,2.99,-36.97,-42.74,-44.02,-58.33,-49.79,-50.43,-49.78,-19.66,-2.99,-35.02,-9.15,-2.24,-25.57,20.51,-1.28,-1.72,3.95
03062,8,21,32,88,98,183,285,346,358,370,377,376,307,285,278,321,270,259,281,263,0.27,-18.57,-24.4,-26.26,-14.85,-28.38,-31.3,-25.27,-14.33,-0.27,-18.35,-7.17,-2.46,15.47,-15.89,-4.07,8.49,-6.41
03063,804,1009,1028,1274,1421,1509,1603,1641,1659,1603,1557,1533,1036,964,936,890,860,902,988,1144,1.54,-33.46,-38.09,-39.88,-42.84,-44.77,-42.07,-35.55,10.42,-1.54,-32.42,-6.95,-2.9,-4.91,-3.37,4.88,9.53,15.79
03064,41,57,133,255,329,403,494,520,452,430,378,317,276,293,266,273,283,311,305,310,16.14,-26.98,-22.49,-29.63,-27.78,-25.13,-17.72,-3.79,12.32,-16.14,-12.93,6.16,-9.22,2.63,3.66,9.89,-1.93,1.64
03065,197,281,396,610,826,943,1012,1038,1070,1072,1077,1104,1018,566,524,562,582,667,704,757,-2.51,-5.48,-47.45,-51.35,-47.82,-45.96,-38.07,-36.23,-25.64,2.51,-7.79,-44.4,-7.42,7.25,3.56,14.6,5.55,7.53
03066,3,11,17,22,27,29,32,37,35,35,40,45,46,38,28,29,33,37,37,51,-12.5,15,-5,-30,-27.5,-17.5,-7.5,-17.78,10.87,12.5,2.22,-17.39,-26.32,3.57,13.79,12.12,0,37.84
03067,2,2,0,1,1,2,2,3,3,3,2,1,1,1,0,0,0,0,0,2,50,-50,-50,-100,-100,-100,-100,-100,100,-50,0,0,-100,0,0,0,0,0
03068,,8,8,8,8,8,8,8,8,7,7,4,3,6,6,6,3,3,3,3,42.86,-57.14,-14.29,-14.29,-14.29,-57.14,-57.14,-25,0,-42.86,-25,100,0,0,-50,0,0,0
03069,224,331,430,528,656,862,1032,1126,1187,1270,1316,1341,772,675,510,528,499,479,531,569,-1.9,-41.34,-48.71,-61.25,-59.88,-62.08,-63.6,-60.4,-26.3,1.9,-42.43,-12.56,-24.44,3.53,-5.49,-4.01,10.86,7.16
03070,21,59,137,309,501,717,996,1071,1099,1114,1163,1175,803,824,677,677,715,756,759,732,-1.03,-30.95,-29.15,-41.79,-41.79,-38.52,-35,-35.4,-8.84,1.03,-31.66,2.62,-17.84,0,5.61,5.73,0.4,-3.56
03071,114,125,145,178,199,437,509,538,566,591,582,588,415,380,331,312,315,356,350,335,-1.03,-28.69,-34.71,-43.13,-46.39,-45.88,-38.83,-40.48,-19.28,1.03,-29.42,-8.43,-12.89,-5.74,0.96,13.02,-1.69,-4.29
03072,0,0,0,0,0,2,14,17,57,47,47,48,45,29,23,26,28,23,25,20,-2.13,-4.26,-38.3,-51.06,-44.68,-40.43,-51.06,-47.92,-55.56,2.13,-6.25,-35.56,-20.69,13.04,7.69,-17.86,8.7,-20
03073,0,0,0,0,2,2,2,2,6,5,5,7,7,3,5,4,4,3,3,2,-40,40,-40,0,-20,-20,-40,-57.14,-71.43,40,0,-57.14,66.67,-20,0,-25,0,-33.33
03074,2,3,4,5,8,9,8,5,3,4,4,4,4,3,5,4,3,3,3,3,0,0,-25,25,0,-25,-25,-25,-25,0,0,-25,66.67,-20,-25,0,0,0
03075,1,0,5,8,8,9,11,11,14,18,17,15,17,19,20,16,18,21,21,20,11.76,0,11.76,17.65,-5.88,5.88,23.53,40,17.65,-11.76,13.33,11.76,5.26,-20,12.5,16.67,0,-4.76
03076,256,412,500,771,1280,1822,2120,2217,2261,2298,2321,2268,1542,1476,1386,990,992,1057,1100,1201,2.28,-33.56,-36.41,-40.28,-57.35,-57.26,-54.46,-51.5,-22.11,-2.28,-32.01,-4.28,-6.1,-28.57,0.2,6.55,4.07,9.18
03077,42,84,182,342,417,537,710,797,833,837,833,831,578,535,487,459,456,498,504,493,0.24,-30.61,-35.77,-41.54,-44.9,-45.26,-40.22,-39.35,-14.71,-0.24,-30.45,-7.44,-8.97,-5.75,-0.65,9.21,1.2,-2.18
03078,9,63,217,372,456,513,492,514,503,521,523,499,396,441,424,381,384,426,459,474,4.59,-24.28,-15.68,-18.93,-27.15,-26.58,-18.55,-8.02,19.7,-4.59,-20.64,11.36,-3.85,-10.14,0.79,10.94,7.75,3.27
03079,2,8,14,17,17,17,16,17,10,10,12,14,13,13,18,19,14,14,26,25,-16.67,8.33,8.33,50,58.33,16.67,16.67,85.71,92.31,16.67,-7.14,0,38.46,5.56,-26.32,0,85.71,-3.85
03080,17,29,58,94,152,210,270,294,287,298,295,259,193,173,174,168,196,201,188,182,12.2,-34.58,-41.36,-41.02,-43.05,-33.56,-31.86,-27.41,-5.7,-12.2,-25.48,-10.36,0.58,-3.45,16.67,2.55,-6.47,-3.19
03081,324,411,437,631,767,785,867,894,928,958,957,974,599,505,455,450,442,451,521,521,-1.78,-37.41,-47.23,-52.46,-52.98,-53.81,-52.87,-46.51,-13.02,1.78,-38.5,-15.69,-9.9,-1.1,-1.78,2.04,15.52,0
03082,5283,6154,5353,6161,6833,7370,7767,8109,8323,8573,8737,8858,6176,5309,4966,4613,4545,4544,4616,4777,-1.38,-29.31,-39.24,-43.16,-47.2,-47.98,-47.99,-47.89,-22.65,1.38,-30.28,-14.04,-6.46,-7.11,-1.47,-0.02,1.58,3.49
03083,40,40,50,84,108,135,142,142,153,156,157,154,94,82,60,44,41,57,52,45,1.91,-40.13,-47.77,-61.78,-71.97,-73.89,-63.69,-66.23,-52.13,-1.91,-38.96,-12.77,-26.83,-26.67,-6.82,39.02,-8.77,-13.46
03084,0,1,9,13,16,33,35,36,40,47,48,47,29,24,23,19,18,18,20,18,2.08,-39.58,-50,-52.08,-60.42,-62.5,-62.5,-57.45,-37.93,-2.08,-38.3,-17.24,-4.17,-17.39,-5.26,0,11.11,-10
03085,138,222,265,341,366,401,451,463,470,479,496,501,499,509,509,404,466,376,285,293,-1.01,0.6,2.62,2.62,-18.55,-6.05,-24.19,-43.11,-41.28,1.01,-0.4,2,0,-20.63,15.35,-19.31,-24.2,2.81
03086,14,10,14,17,31,33,39,45,50,44,46,48,47,47,46,50,50,48,49,47,-4.35,2.17,2.17,0,8.7,8.7,4.35,2.08,0,4.35,-2.08,0,-2.13,8.7,0,-4,2.08,-4.08
03088,3,10,24,44,70,149,198,246,250,266,274,283,195,157,94,83,95,93,93,88,-3.28,-28.83,-42.7,-65.69,-69.71,-65.33,-66.06,-67.14,-54.87,3.28,-31.1,-19.49,-40.13,-11.7,14.46,-2.11,0,-5.38
03089,20,62,104,152,215,280,309,320,334,323,314,313,218,217,199,175,201,234,244,252,0.32,-30.57,-30.89,-36.62,-44.27,-35.99,-25.48,-22.04,15.6,-0.32,-30.35,-0.46,-8.29,-12.06,14.86,16.42,4.27,3.28
03090,129,168,192,312,386,493,512,542,561,581,587,365,453,405,408,368,338,343,303,288,37.82,-22.83,-31.01,-30.49,-37.31,-42.42,-41.57,-16.99,-36.42,-37.82,24.11,-10.6,0.74,-9.8,-8.15,1.48,-11.66,-4.95
03091,53,94,123,156,199,214,228,236,242,228,229,235,163,165,144,129,140,133,156,168,-2.62,-28.82,-27.95,-37.12,-43.67,-38.86,-41.92,-33.62,3.07,2.62,-30.64,1.23,-12.73,-10.42,8.53,-5,17.29,7.69
03092,14,24,40,66,87,109,135,154,127,131,119,117,111,109,107,95,96,92,92,93,1.68,-6.72,-8.4,-10.08,-20.17,-19.33,-22.69,-21.37,-16.22,-1.68,-5.13,-1.8,-1.83,-11.21,1.05,-4.17,0,1.09
03093,7,12,33,62,70,77,80,84,82,59,64,69,59,50,50,49,48,45,50,42,-7.81,-7.81,-21.88,-21.88,-23.44,-25,-29.69,-27.54,-28.81,7.81,-14.49,-15.25,0,-2,-2.04,-6.25,11.11,-16
03094,913,1108,1014,1388,1658,1842,1982,2141,2181,2166,2214,2283,2295,2224,2177,1458,1344,1313,1136,1093,-3.12,3.66,0.45,-1.67,-34.15,-39.3,-40.7,-50.24,-52.37,3.12,0.53,-3.09,-2.11,-33.03,-7.82,-2.31,-13.48,-3.79
03095,58,76,80,88,98,93,115,115,115,109,101,89,66,71,61,74,71,91,91,91,11.88,-34.65,-29.7,-39.6,-26.73,-29.7,-9.9,2.25,37.88,-11.88,-25.84,7.58,-14.08,21.31,-4.05,28.17,0,0
03096,0,19,44,60,73,99,105,121,120,115,116,56,73,68,58,61,58,58,63,53,51.72,-37.07,-41.38,-50,-47.41,-50,-50,12.5,-27.4,-51.72,30.36,-6.85,-14.71,5.17,-4.92,0,8.62,-15.87
03097,345,399,478,585,742,849,921,947,968,964,949,936,694,668,563,526,587,617,625,629,1.37,-26.87,-29.61,-40.67,-44.57,-38.15,-34.98,-33.23,-9.37,-1.37,-25.85,-3.75,-15.72,-6.57,11.6,5.11,1.3,0.64
03098,,27,39,53,71,93,121,141,147,152,158,159,138,133,91,84,69,58,54,55,-0.63,-12.66,-15.82,-42.41,-46.84,-56.33,-63.29,-66.04,-60.14,0.63,-13.21,-3.62,-31.58,-7.69,-17.86,-15.94,-6.9,1.85
03099,3500,6105,7123,10223,12109,14203,16327,17121,17672,18130,18641,18834,13991,13503,11861,9237,9393,9514,9602,10025,-1.04,-24.95,-27.56,-36.37,-50.45,-49.61,-48.96,-49.02,-28.35,1.04,-25.71,-3.49,-12.16,-22.12,1.69,1.29,0.92,4.41
03100,79,122,136,167,210,235,239,254,278,290,304,311,260,241,244,240,215,221,225,235,-2.3,-14.47,-20.72,-19.74,-21.05,-29.28,-27.3,-27.65,-9.62,2.3,-16.4,-7.31,1.24,-1.64,-10.42,2.79,1.81,4.44
03101,201,279,305,433,571,661,718,783,761,751,795,758,572,527,518,482,460,495,504,551,4.65,-28.05,-33.71,-34.84,-39.37,-42.14,-37.74,-33.51,-3.67,-4.65,-24.54,-7.87,-1.71,-6.95,-4.56,7.61,1.82,9.33
03102,245,377,419,566,616,655,698,727,739,744,743,753,460,505,467,378,455,460,463,505,-1.35,-38.09,-32.03,-37.15,-49.13,-38.76,-38.09,-38.51,9.78,1.35,-38.91,9.78,-7.52,-19.06,20.37,1.1,0.65,9.07
03103,2,2,2,3,4,6,6,8,8,8,8,8,4,2,4,3,2,4,6,6,0,-50,-75,-50,-62.5,-75,-50,-25,50,0,-50,-50,100,-25,-33.33,100,50,0
03104,6,9,9,31,32,38,43,55,49,48,43,44,27,23,24,25,29,31,57,55,-2.33,-37.21,-46.51,-44.19,-41.86,-32.56,-27.91,29.55,103.7,2.33,-38.64,-14.81,4.35,4.17,16,6.9,83.87,-3.51
03105,17,52,99,220,310,366,445,544,617,638,637,641,492,530,484,497,526,599,591,651,-0.63,-22.76,-16.8,-24.02,-21.98,-17.43,-5.97,-7.8,32.32,0.63,-23.24,7.72,-8.68,2.69,5.84,13.88,-1.34,10.15
03106,14,22,23,27,37,48,51,52,58,62,64,62,54,46,38,46,33,32,34,41,3.13,-15.63,-28.13,-40.63,-28.13,-48.44,-50,-45.16,-24.07,-3.13,-12.9,-14.81,-17.39,21.05,-28.26,-3.03,6.25,20.59
03107,122,155,268,383,465,509,598,629,630,644,647,666,420,395,350,361,363,339,335,324,-2.94,-35.09,-38.95,-45.9,-44.2,-43.89,-47.6,-49.7,-22.86,2.94,-36.94,-5.95,-11.39,3.14,0.55,-6.61,-1.18,-3.28
03109,0,3,5,5,13,18,28,34,38,30,35,28,27,25,26,30,31,34,30,24,20,-22.86,-28.57,-25.71,-14.29,-11.43,-2.86,7.14,-11.11,-20,-3.57,-7.41,4,15.38,3.33,9.68,-11.76,-20
03110,86,95,106,122,152,176,200,210,229,231,231,221,184,173,155,142,134,136,143,140,4.33,-20.35,-25.11,-32.9,-38.53,-41.99,-41.13,-35.29,-23.91,-4.33,-16.74,-5.98,-10.4,-8.39,-5.63,1.49,5.15,-2.1
03111,1,3,3,15,28,37,41,44,45,41,42,41,24,14,18,17,16,12,15,12,2.38,-42.86,-66.67,-57.14,-59.52,-61.9,-71.43,-63.41,-50,-2.38,-41.46,-41.67,28.57,-5.56,-5.88,-25,25,-20
03112,53,86,126,159,199,248,309,354,363,384,393,395,335,361,347,258,255,231,211,218,-0.51,-14.76,-8.14,-11.7,-34.35,-35.11,-41.22,-46.58,-34.93,0.51,-15.19,7.76,-3.88,-25.65,-1.16,-9.41,-8.66,3.32
03113,1546,2355,3211,4668,6134,7134,8070,8705,8840,9181,9334,9083,7249,6665,6291,5564,5648,5846,5734,5511,2.69,-22.34,-28.59,-32.6,-40.39,-39.49,-37.37,-36.87,-23.98,-2.69,-20.19,-8.06,-5.61,-11.56,1.51,3.51,-1.92,-3.89
03114,53,94,158,250,333,374,422,442,449,401,361,327,301,271,278,263,257,270,282,284,9.42,-16.62,-24.93,-22.99,-27.15,-28.81,-25.21,-13.76,-5.65,-9.42,-7.95,-9.97,2.58,-5.4,-2.28,5.06,4.44,0.71
03115,34,41,42,71,72,86,93,100,121,109,104,101,82,88,92,74,75,85,93,90,2.88,-21.15,-15.38,-11.54,-28.85,-27.88,-18.27,-7.92,9.76,-2.88,-18.81,7.32,4.55,-19.57,1.35,13.33,9.41,-3.23
03116,14,29,38,71,97,118,128,141,129,114,116,114,80,86,78,96,109,114,123,137,1.72,-31.03,-25.86,-32.76,-17.24,-6.03,-1.72,7.89,71.25,-1.72,-29.82,7.5,-9.3,23.08,13.54,4.59,7.89,11.38
03117,35,46,59,76,93,111,116,122,124,126,128,99,104,106,96,78,82,86,87,88,22.66,-18.75,-17.19,-25,-39.06,-35.94,-32.81,-12.12,-15.38,-22.66,5.05,1.92,-9.43,-18.75,5.13,4.88,1.16,1.15
03118,1053,1579,2416,3658,4679,5311,5882,6138,6187,6262,6304,6364,3980,3781,2651,2803,2973,2853,2880,3122,-0.95,-36.87,-40.02,-57.95,-55.54,-52.84,-54.74,-54.75,-21.56,0.95,-37.46,-5,-29.89,5.73,6.06,-4.04,0.95,8.4
03119,60,79,110,128,142,153,163,163,166,172,179,178,122,116,97,87,90,105,128,132,0.56,-31.84,-35.2,-45.81,-51.4,-49.72,-41.34,-28.09,8.2,-0.56,-31.46,-4.92,-16.38,-10.31,3.45,16.67,21.9,3.13
03120,889,1305,1675,2262,2651,3033,3315,3375,3310,3124,2926,2512,2424,2336,1929,1661,1643,1779,1924,2136,14.15,-17.16,-20.16,-34.07,-43.23,-43.85,-39.2,-23.41,-11.88,-14.15,-3.5,-3.63,-17.42,-13.89,-1.08,8.28,8.15,11.02
03121,209,401,703,1582,2285,2826,3146,3280,3395,3440,3465,3473,1737,1601,1274,897,966,1066,1109,1257,-0.23,-49.87,-53.8,-63.23,-74.11,-72.12,-69.24,-68.07,-27.63,0.23,-49.99,-7.83,-20.42,-29.59,7.69,10.35,4.03,13.35
03122,32,42,41,51,58,70,78,85,85,88,87,88,71,70,68,67,67,66,76,78,-1.15,-18.39,-19.54,-21.84,-22.99,-22.99,-24.14,-13.64,9.86,1.15,-19.32,-1.41,-2.86,-1.47,0,-1.49,15.15,2.63
03123,7,69,174,258,337,415,465,532,547,549,545,549,282,246,247,251,259,278,263,290,-0.73,-48.26,-54.86,-54.68,-53.94,-52.48,-48.99,-52.09,2.84,0.73,-48.63,-12.77,0.41,1.62,3.19,7.34,-5.4,10.27
03124,5,15,27,25,34,35,40,48,43,40,37,35,28,29,28,27,26,26,25,18,5.41,-24.32,-21.62,-24.32,-27.03,-29.73,-29.73,-28.57,-35.71,-5.41,-20,3.57,-3.45,-3.57,-3.7,0,-3.85,-28
03125,59,65,74,89,90,89,94,94,103,110,104,98,60,54,45,45,46,50,48,45,5.77,-42.31,-48.08,-56.73,-56.73,-55.77,-51.92,-51.02,-25,-5.77,-38.78,-10,-16.67,0,2.22,8.7,-4,-6.25
03127,58,65,65,78,83,84,84,94,102,104,108,111,93,85,75,79,76,80,73,78,-2.78,-13.89,-21.3,-30.56,-26.85,-29.63,-25.93,-34.23,-16.13,2.78,-16.22,-8.6,-11.76,5.33,-3.8,5.26,-8.75,6.85
03128,2401,2893,2399,2786,3109,3372,3768,3948,3998,4016,3965,3951,2572,2408,1958,1692,1957,2064,2092,2277,0.35,-35.13,-39.27,-50.62,-57.33,-50.64,-47.94,-47.05,-11.47,-0.35,-34.9,-6.38,-18.69,-13.59,15.66,5.47,1.36,8.84
03129,9,21,49,75,100,116,122,123,125,147,150,155,107,103,96,89,68,68,69,75,-3.33,-28.67,-31.33,-36,-40.67,-54.67,-54.67,-55.48,-29.91,3.33,-30.97,-3.74,-6.8,-7.29,-23.6,0,1.47,8.7
03130,,5,5,5,9,9,9,9,9,9,9,4,3,1,6,5,8,9,9,8,55.56,-66.67,-88.89,-33.33,-44.44,-11.11,0,125,166.67,-55.56,-25,-66.67,500,-16.67,60,12.5,0,-11.11
03131,54,51,59,79,97,97,120,124,126,131,138,141,93,83,86,90,86,88,87,93,-2.17,-32.61,-39.86,-37.68,-34.78,-37.68,-36.23,-38.3,0,2.17,-34.04,-10.75,3.61,4.65,-4.44,2.33,-1.14,6.9
03132,0,0,4,8,8,23,25,29,29,29,31,33,26,25,25,20,19,15,16,19,-6.45,-16.13,-19.35,-19.35,-35.48,-38.71,-51.61,-51.52,-26.92,6.45,-21.21,-3.85,0,-20,-5,-21.05,6.67,18.75
03133,7381,9135,7815,9832,10902,11636,12550,12749,12725,12994,13121,13172,7338,5995,4427,4431,4437,4533,4725,4743,-0.39,-44.07,-54.31,-66.26,-66.23,-66.18,-65.45,-64.13,-35.36,0.39,-44.29,-18.3,-26.16,0.09,0.14,2.16,4.24,0.38
03134,7,7,7,8,9,12,12,13,10,11,9,9,7,5,5,6,7,7,5,9,0,-22.22,-44.44,-44.44,-33.33,-22.22,-22.22,-44.44,28.57,0,-22.22,-28.57,0,20,16.67,0,-28.57,80
03135,6,7,11,13,11,11,12,12,12,14,14,14,7,4,4,5,7,5,4,2,0,-50,-71.43,-71.43,-64.29,-50,-64.29,-71.43,-71.43,0,-50,-42.86,0,25,40,-28.57,-20,-50
03136,9,14,18,38,40,48,60,60,65,73,69,42,45,44,42,42,41,34,27,39,39.13,-34.78,-36.23,-39.13,-39.13,-40.58,-50.72,-35.71,-13.33,-39.13,7.14,-2.22,-4.55,0,-2.38,-17.07,-20.59,44.44
03137,11,11,26,54,72,73,91,101,97,90,84,86,50,44,40,44,44,43,38,46,-2.38,-40.48,-47.62,-52.38,-47.62,-47.62,-48.81,-55.81,-8,2.38,-41.86,-12,-9.09,10,0,-2.27,-11.63,21.05
03138,8,16,27,45,59,75,84,91,94,99,102,94,82,74,63,64,61,53,55,53,7.84,-19.61,-27.45,-38.24,-37.25,-40.2,-48.04,-41.49,-35.37,-7.84,-12.77,-9.76,-14.86,1.59,-4.69,-13.11,3.77,-3.64
03139,245,449,523,728,858,996,1103,1130,1175,585,642,710,617,608,499,467,481,499,576,593,-10.59,-3.89,-5.3,-22.27,-27.26,-25.08,-22.27,-18.87,-3.89,10.59,-13.1,-1.46,-17.93,-6.41,3,3.74,15.43,2.95
03140,19,25,50,94,130,159,184,185,184,182,181,187,149,126,110,100,114,122,121,137,-3.31,-17.68,-30.39,-39.23,-44.75,-37.02,-32.6,-35.29,-8.05,3.31,-20.32,-15.44,-12.7,-9.09,14,7.02,-0.82,13.22
03901,96,138,157,217,312,374,429,431,428,428,437,437,441,434,412,355,368,326,305,299,0,0.92,-0.69,-5.72,-18.76,-15.79,-25.4,-30.21,-32.2,0,0.92,-1.59,-5.07,-13.83,3.66,-11.41,-6.44,-1.97
03902,585,1183,1991,2962,3528,3910,4282,4489,4595,4674,4777,4699,3315,3163,2812,2613,2675,2850,2949,2923,1.63,-30.6,-33.79,-41.13,-45.3,-44,-40.34,-37.24,-11.83,-1.63,-29.45,-4.59,-11.1,-7.08,2.37,6.54,3.47,-0.88
03903,58,101,166,240,349,804,1048,1169,1296,1370,1298,1161,1116,1082,1045,985,928,948,958,930,10.55,-14.02,-16.64,-19.49,-24.11,-28.51,-26.96,-17.48,-16.67,-10.55,-3.88,-3.05,-3.42,-5.74,-5.79,2.16,1.05,-2.92
03904,0,0,7,13,21,36,45,45,48,53,48,51,50,48,50,38,39,43,39,41,-6.25,4.17,0,4.17,-20.83,-18.75,-10.42,-23.53,-18,6.25,-1.96,-4,4.17,-24,2.63,10.26,-9.3,5.13
