id,codine,nombre_codine,p2002,e2002,p2003,e2003,p2004,e2004,p2005,e2005,p2006,e2006,p2007,e2007,p2008,e2008,p2009,e2009,p2010,e2010,p2011,e2011,p2012,e2012,p2013,e2013,p2014,e2014,p2015,e2015,p2016,e2016,p2017,e2017,p2018,p2018,p2019,e2019
1,03001,"03001 Atzúbia, l'",605,179,587,167,635,214,611,213,627,229,668,262,686,286,693,313,695,318,730,337,749,348,744,359,627,238,632,248,689,309,664,278,661,279,632,250
2,03002,03002 Agost,4284,231,4451,331,4517,370,4601,426,4723,482,4766,483,4813,527,4810,544,4818,521,4831,517,4791,489,4787,477,4752,408,4707,372,4729,378,4703,356,4713,359,4758,369
3,03003,03003 Agres,623,4,622,28,671,68,653,59,614,34,623,52,627,63,619,61,599,64,610,68,598,72,565,38,583,51,574,46,565,45,549,42,551,35,565,39
4,03004,03004 Aigües,624,97,637,120,737,179,801,215,827,243,951,290,1047,334,1064,335,1084,352,1118,350,1105,347,1073,333,984,267,937,240,921,219,913,204,936,221,963,245
5,03005,03005 Albatera,9363,567,9636,815,10001,1090,10449,1468,10878,1769,11102,1957,11656,2373,11745,2402,11821,2382,11901,2391,11936,2409,11983,2429,11767,2188,11780,2101,11756,2056,11850,2080,12042,2213,12279,2370
6,03006,03006 Alcalalí,1081,465,1150,541,1216,602,1352,736,1418,811,1395,815,1500,912,1507,917,1524,931,1433,854,1433,849,1401,805,1350,741,1311,711,1291,688,1276,683,1298,725,1278,715
7,03007,03007 Alcocer de Planes,154,7,164,9,177,13,179,19,194,25,216,35,234,43,228,47,230,48,231,45,233,47,241,47,238,42,216,30,221,37,230,36,229,39,230,38
8,03008,03008 Alcoleja,245,6,244,7,241,10,228,8,213,3,219,8,211,8,206,8,201,11,193,15,204,19,199,14,191,12,184,8,194,11,185,7,180,4,173,4
9,03009,03009 Alcoy/Alcoi,60465,1234,60036,1905,60532,2421,60931,2778,60590,2536,60700,2871,61698,3575,61552,3690,61417,3697,61093,3572,60837,3470,60105,2935,59675,2972,59567,2964,59198,2896,59106,3050,58977,3331,58994,3705
10,03010,03010 Alfafara,406,6,411,12,426,15,430,13,422,12,430,22,422,23,413,24,419,18,424,21,419,22,415,19,418,19,406,20,399,18,405,15,407,19,410,21
11,03011,"03011 Alfàs del Pi, l'",15848,8638,16164,8652,14656,6718,16843,8571,18469,9800,19913,10994,20939,11847,21011,11846,21332,12027,21670,12312,21964,12586,21969,12475,21357,11728,21700,11990,21494,11791,18394,8540,20053,10179,20482,10567
12,03012,03012 Algorfa,1589,407,1782,586,1956,736,2297,1071,2914,1674,3645,2389,4125,2835,4346,3035,4537,3209,4625,3277,4755,3416,5004,3635,3799,2470,3693,2339,3222,1838,2761,1365,2838,1431,2935,1499
13,03013,03013 Algueña,1464,49,1449,59,1452,59,1501,98,1528,123,1515,109,1561,135,1551,134,1530,141,1503,140,1527,145,1528,141,1457,95,1413,87,1391,78,1372,64,1341,65,1336,66
14,03014,03014 Alicante/Alacant,293629,15907,305911,24384,310330,28908,319380,35588,322431,37416,322673,39436,331750,47915,334757,50489,334418,50331,334329,49303,334678,49604,335052,49864,332067,44901,328648,39862,330525,41503,329988,40123,331577,42306,334887,45941
15,03015,03015 Almoradí,14334,721,14904,1197,15450,1554,16547,2285,17494,2866,17945,3167,18536,3593,19147,4056,19598,4332,19371,4038,19601,4263,19788,4374,19992,4399,19955,4317,20138,4300,20332,4354,20542,4475,20803,4686
16,03016,03016 Almudaina,113,4,108,3,111,5,116,12,119,17,127,16,129,21,129,21,132,26,131,26,129,23,128,22,112,13,114,12,119,11,113,11,104,9,113,12
17,03017,"03017 Alqueria d'Asnar, l'",432,28,402,27,410,38,449,54,453,53,455,38,470,44,508,48,494,44,508,46,515,42,512,41,527,57,522,49,517,46,496,36,491,42,493,41
18,03018,03018 Altea,17608,3783,18976,4889,19514,5217,21154,6541,21898,7112,22648,7842,23532,8706,23780,8969,24006,9220,24056,9323,24298,9595,24333,9613,22518,7845,22385,7641,21739,6884,21813,6884,21995,7005,22290,7297
19,03019,03019 Aspe,16976,315,17423,574,17833,833,18203,1082,18821,1364,19246,1406,19893,1725,20180,1865,20360,1829,20292,1680,20309,1688,20341,1554,20248,1418,20406,1395,20482,1372,20425,1220,20537,1299,20714,1424
20,03020,03020 Balones,180,18,172,18,171,17,169,19,160,23,163,25,157,25,163,28,156,30,162,33,157,33,147,30,139,25,133,19,129,21,128,23,122,21,131,28
21,03021,03021 Banyeres de Mariola,7050,115,7321,246,7314,284,7282,289,7237,280,7193,257,7194,289,7240,306,7229,322,7200,338,7222,335,7157,332,7174,337,7155,308,7108,300,7102,303,7113,324,7068,343
22,03022,03022 Benasau,196,2,233,9,237,8,222,8,210,7,210,9,198,11,190,14,171,11,178,12,174,10,157,12,158,12,155,10,158,7,157,7,156,6,151,9
23,03023,03023 Beneixama,1816,87,1931,218,1939,253,1886,217,1802,119,1828,134,1837,148,1811,146,1820,148,1817,140,1792,123,1778,119,1738,85,1746,101,1712,92,1710,98,1703,96,1685,83
24,03024,03024 Benejúzar,5019,103,5114,176,5216,240,5249,327,5306,413,5419,515,5472,579,5467,595,5474,668,5459,675,5425,684,5453,697,5394,670,5398,669,5364,652,5372,674,5361,651,5402,664
25,03025,03025 Benferri,1138,130,1188,154,1351,222,1385,238,1493,295,1601,349,1746,403,1876,432,1892,408,1925,372,1934,355,1927,337,1910,337,1899,316,1920,301,1923,289,1940,312,1942,286
26,03026,03026 Beniarbeig,1344,197,1358,213,1455,252,1548,309,1615,362,1729,390,1889,464,1997,529,1888,398,1883,391,1902,410,1915,433,1859,383,1926,401,1917,395,1919,394,1983,430,2092,466
27,03027,03027 Beniardá,193,3,215,33,199,26,235,62,208,48,220,59,258,87,238,77,230,74,222,71,248,90,188,36,208,59,227,46,202,34,183,24,178,23,232,35
28,03028,03028 Beniarrés,1387,29,1396,62,1363,68,1380,83,1324,69,1335,83,1323,86,1323,97,1317,108,1295,100,1271,97,1268,102,1254,87,1208,71,1164,54,1137,55,1118,48,1118,66
29,03029,03029 Benigembla,452,129,509,185,531,215,559,235,563,240,570,249,571,260,589,271,580,283,606,299,583,295,566,294,508,241,490,223,419,152,433,167,444,183,490,213
30,03030,03030 Benidoleig,967,360,972,383,995,414,1044,465,1113,534,1139,557,1221,614,1275,655,1261,621,1305,651,1315,666,1333,677,1189,540,1196,544,1117,491,1080,436,1110,455,1095,433
31,03031,03031 Benidorm,61352,10371,64267,13614,64956,14275,67492,17115,67627,17908,69058,20248,70280,22287,71034,23407,71198,23874,72062,24649,72991,25737,73768,26205,69010,20945,69045,20377,66642,17796,66831,17636,67558,18297,68721,19595
32,03032,03032 Benifallim,140,1,138,0,132,0,124,0,127,0,125,0,115,1,109,1,114,1,115,2,110,1,123,0,121,0,114,1,114,1,111,1,108,0,105,0
33,03033,03033 Benifato,164,21,168,22,173,25,165,23,175,27,188,32,194,33,187,35,199,37,201,41,202,43,198,46,168,30,156,20,158,19,148,16,149,16,140,19
34,03034,03034 Benijófar,2434,846,2830,1254,3138,1553,3380,1810,3541,1980,3707,2140,3900,2280,3976,2354,4004,2395,4153,2476,4207,2537,3514,1792,3791,2057,3655,1910,3163,1419,3290,1556,3357,1621,3322,1595
35,03035,03035 Benilloba,893,10,903,12,891,9,874,17,847,14,843,26,837,38,839,58,821,50,811,47,800,47,794,45,789,47,786,46,769,41,755,35,742,35,724,33
36,03036,03036 Benillup,93,2,92,3,93,4,102,6,98,3,101,4,102,3,99,7,98,6,97,2,106,3,110,2,104,2,101,2,100,2,102,2,94,1,97,2
37,03037,03037 Benimantell,378,30,443,104,447,114,487,128,468,109,466,94,472,98,490,115,514,125,512,122,518,130,487,93,499,91,501,85,494,82,495,84,490,90,483,90
38,03038,03038 Benimarfull,415,11,443,17,455,17,441,17,433,15,441,33,440,38,440,50,414,39,408,31,417,34,423,34,431,37,433,33,427,31,418,28,413,31,409,35
39,03039,03039 Benimassot,142,2,140,7,137,8,140,14,137,15,131,15,125,16,123,16,129,20,129,21,125,22,113,13,113,17,111,17,99,15,99,14,96,13,106,13
40,03040,03040 Benimeli,336,39,332,41,355,59,363,77,389,103,429,131,427,131,402,114,413,122,420,120,424,123,435,132,419,118,416,107,384,87,391,88,410,107,418,110
41,03041,03041 Benissa,11051,4127,12098,5179,11405,4476,11935,4960,12424,5400,12690,5641,13140,6098,13221,6191,13369,6327,13536,6478,13808,6707,13932,6733,11572,4375,11598,4396,11000,3733,10879,3568,10768,3390,11005,3645
42,03042,"03042 Benitachell/Poble Nou de Benitatxell, el",2932,1447,3316,1845,3425,1959,3808,2336,4276,2762,4773,3225,5216,3640,5399,3798,5488,3867,5568,3942,5698,4067,5720,4081,4659,3022,4690,3050,4104,2459,4020,2336,4130,2427,4276,2552
43,03043,03043 Biar,3578,67,3550,83,3574,108,3620,149,3647,141,3693,171,3694,181,3723,194,3703,177,3738,177,3695,166,3689,157,3670,128,3657,123,3647,108,3650,111,3651,121,3671,131
44,03044,03044 Bigastro,5243,193,5421,321,5601,417,5962,703,6303,933,6588,1154,6761,1258,6744,1221,6757,1204,6788,1201,6719,1139,6730,1167,6762,1160,6714,1115,6724,1095,6656,996,6702,1074,6733,1067
45,03045,03045 Bolulla,355,117,357,116,364,117,392,147,390,149,399,154,415,164,433,179,423,183,454,196,450,195,448,202,421,180,426,169,412,170,414,171,418,187,420,181
46,03046,03046 Busot,1875,349,1998,463,2127,558,2421,841,2643,1038,2847,1181,3021,1281,3148,1332,3257,1370,3314,1411,3412,1433,3429,1414,3138,1139,3075,1082,2975,964,2904,889,2925,912,2978,963
47,03047,03047 Calp,20103,10298,22446,12421,23653,13383,25190,14765,26382,15761,27768,17033,29228,18349,29666,18709,29909,18873,29718,18615,29550,18498,29442,18263,22437,11150,21540,10231,19591,8150,20804,9154,21633,9810,22725,10719
48,03048,03048 Callosa d'en Sarrià,7966,1962,8060,2172,7957,2090,8179,2302,7939,2087,8008,2234,8224,2498,8056,2279,7888,2121,7894,2073,7815,2036,7371,1618,7370,1605,7133,1309,7146,1278,7223,1260,7257,1261,7373,1330
49,03049,03049 Callosa de Segura,16005,725,16375,1028,16471,1293,16866,1705,17366,2199,17423,2250,17425,2288,17924,2790,18008,2889,17979,2885,18034,2977,17992,2954,18079,3036,18200,3180,18497,3485,18625,3607,18864,3754,19038,3978
50,03050,"03050 Campello, el",20393,2528,21761,3277,22380,3419,23640,4058,24674,4598,25055,4795,26043,5268,26511,5440,26941,5481,27345,5473,27709,5434,28184,5719,27081,4518,27356,4590,27384,4487,27604,4486,27893,4591,28349,4933
51,03051,"03051 Campo de Mirra/Camp de Mirra, el",413,8,414,6,428,14,416,16,409,14,414,14,426,16,424,13,420,18,438,20,444,25,435,23,437,28,445,26,440,27,436,25,428,26,415,17
52,03052,03052 Cañada,1193,44,1179,47,1176,31,1198,34,1203,34,1203,37,1217,41,1231,42,1238,44,1235,35,1237,35,1249,39,1242,42,1229,38,1245,46,1242,50,1214,39,1220,39
53,03053,03053 Castalla,7940,223,8193,349,8532,575,8977,942,9331,1193,9673,1405,10021,1663,10327,1807,10513,1921,10541,1907,10573,1912,10579,1937,10143,1485,9994,1325,9859,1129,9876,1007,9880,1024,10124,1115
54,03054,03054 Castell de Castells,432,2,465,18,475,39,482,48,487,62,517,80,505,78,508,89,493,91,516,99,478,96,483,102,442,66,431,65,449,70,436,66,435,75,449,77
55,03055,03055 Catral,5380,164,5596,282,5884,433,6642,947,7530,1631,8105,2029,8629,2348,8745,2414,8926,2537,9092,2639,9083,2658,8648,2113,8663,2121,8690,2128,8551,1984,8620,2051,8631,1973,8639,1961
56,03056,03056 Cocentaina,10567,224,10673,282,10907,376,10992,430,11143,534,11209,624,11383,752,11467,818,11534,881,11601,925,11591,1002,11558,1024,11519,1022,11406,1007,11432,1152,11461,1178,11456,1278,11511,1377
57,03057,03057 Confrides,287,12,325,41,301,38,286,34,256,21,303,48,279,42,299,62,276,54,315,67,283,63,243,37,232,25,208,22,207,29,221,39,208,35,187,28
58,03058,03058 Cox,6240,394,6355,556,6377,585,6477,692,6464,650,6414,638,6642,755,6826,891,6957,1004,7029,1033,7077,1118,7135,1166,7188,1165,7229,1121,7193,1107,7192,1114,7226,1143,7297,1167
59,03059,03059 Crevillent,25654,1115,26260,1556,26632,1860,27323,2446,27815,2957,28172,3217,28432,3492,28609,3626,28738,3664,28362,3298,28439,3210,28382,3138,28328,3087,28465,3067,28691,3182,28836,3177,28957,3397,28952,3487
60,03060,03060 Quatretondeta,169,17,160,13,150,10,150,10,145,10,138,9,137,10,129,8,122,8,114,8,109,7,117,8,115,3,111,3,113,3,109,3,121,11,122,10
61,03061,03061 Daya Nueva,1257,84,1272,107,1390,185,1562,362,1676,448,1761,516,1903,632,1942,669,1938,678,1988,694,1996,706,1956,686,1765,502,1732,467,1750,472,1684,414,1718,455,1737,467
62,03062,03062 Daya Vieja,204,31,222,45,261,82,336,146,354,165,459,258,598,385,674,459,696,478,726,501,758,524,770,529,681,438,668,428,672,428,713,466,685,430,690,438
63,03063,03063 Dénia,34686,6856,37773,9214,38584,9653,40601,11217,41591,11827,42704,12693,44035,13624,44464,13799,44498,13586,44726,13504,44455,12997,44450,12443,41672,9426,41553,9146,41465,8918,41568,8781,41733,8712,42166,9141
64,03064,03064 Dolores,6397,377,6561,554,6863,777,7095,1015,6786,786,6954,953,7313,1257,7427,1300,7392,1243,7398,1270,7362,1215,7314,1177,7237,1100,7246,1110,7264,1105,7302,1119,7383,1187,7470,1286
65,03065,03065 Elche/Elx,201731,7226,207163,11048,209439,14382,215137,18666,219032,21025,222422,23732,228348,28902,230112,29266,230822,29308,230354,28195,230587,27999,230224,26918,228647,24991,227312,22117,227659,21638,228675,21594,230625,22814,232517,24409
66,03066,03066 Elda,53103,1860,54086,2411,55576,2878,55571,3174,55138,3008,55289,3471,55174,3712,55168,3941,54815,3794,54610,3436,54536,3249,54056,3046,53540,2582,53248,2377,52745,2261,52620,2210,52404,2312,52618,2679
67,03067,03067 Facheca,111,2,112,2,103,0,98,1,93,1,119,3,108,4,106,4,107,4,108,4,104,3,101,2,104,4,103,3,107,3,101,3,101,3,106,6
68,03068,03068 Famorca,61,668,71,13,65,13,63,14,54,11,53,12,48,12,44,11,38,11,62,11,59,10,51,6,52,8,52,10,58,11,57,10,53,6,47,5
69,03069,03069 Finestrat,2550,144,2858,914,3377,1203,3797,1494,4172,1674,4945,2127,5844,2666,6137,2894,6386,3040,6807,3279,6932,3453,7095,3604,6265,2668,6239,2501,6090,2296,6292,2358,6381,2432,6715,2637
70,03070,03070 Formentera del Segura,2255,350,2403,267,2588,460,2898,741,3173,962,3518,1287,4118,1815,4285,1951,4364,1959,4389,1975,4559,2104,4629,2123,4211,1667,4206,1665,3995,1443,4064,1489,4131,1556,4191,1598
71,03071,03071 Gata de Gorgos,5106,2,5120,462,5212,581,5375,721,5551,881,5969,1233,6195,1417,6291,1497,6292,1499,6283,1492,6327,1497,6270,1449,5985,1180,5885,1107,5825,1038,5804,1024,5893,1087,6049,1242
72,03072,03072 Gaianes,317,2,329,2,344,3,340,3,347,2,376,7,380,19,378,23,443,71,442,62,445,64,446,64,449,59,457,48,452,45,448,39,471,46,452,44
73,03073,03073 Gorga,259,50,252,2,261,6,256,5,250,6,248,4,235,5,232,6,256,13,254,12,261,12,264,16,274,14,275,8,267,10,273,14,258,13,249,10
74,03074,03074 Granja de Rocamora,2089,18,2039,127,2066,133,2099,201,2093,181,2271,222,2323,285,2362,300,2372,328,2463,343,2461,341,2437,350,2417,345,2425,346,2461,385,2469,383,2489,388,2580,441
75,03075,"03075 Castell de Guadalest, el",189,1895,194,24,204,34,207,39,204,32,215,42,217,43,231,55,246,59,240,63,238,58,236,61,226,52,224,53,220,54,205,43,209,52,217,56
76,03076,03076 Guardamar del Segura,10732,170,11587,2618,12215,3054,13122,3823,14261,4795,15132,5460,15951,6142,16329,6518,16423,6615,16863,6812,17138,6885,16957,6784,15599,5321,15589,5241,15386,5026,14716,4272,15058,4514,15348,4758
77,03077,"03077 Fondó de les Neus, el/Hondón de las Nieves",1713,60,1770,250,1936,384,2162,597,2312,734,2501,904,2730,1113,2862,1254,2948,1322,3010,1373,3037,1390,3041,1401,2632,1012,2583,966,2493,880,2436,857,2474,870,2544,931
78,03078,03078 Hondón de los Frailes,634,761,709,134,883,305,1023,471,1109,563,1231,650,1205,623,1214,639,1202,631,1217,639,1238,651,1217,637,1095,514,1160,582,1165,592,1102,534,1132,566,1198,629
79,03079,03079 Ibi,22140,68,22744,1235,22967,1444,23059,1487,23360,1688,23609,1846,24093,2241,24113,2229,23861,1985,23683,1779,23616,1712,23634,1683,23456,1462,23321,1295,23365,1225,23423,1225,23403,1207,23489,1316
80,03080,03080 Jacarilla,1607,631,1638,105,1686,153,1776,219,1813,266,1957,388,2088,527,2096,513,2100,498,2102,504,2076,488,2038,459,1947,360,1930,345,1939,347,1953,357,1986,392,2022,421
81,03081,03081 Xaló,2307,12988,2404,757,2400,751,2805,1106,2946,1264,3002,1307,3189,1489,3235,1525,3269,1565,3320,1628,3301,1623,3323,1629,2793,1116,2675,978,2648,919,2636,896,2683,912,2739,953
82,03082,03082 Jávea/Xàbia,26368,217,28493,15029,26649,13026,28242,14465,29279,15428,29923,15879,31140,16910,31593,17256,31909,17414,32469,17883,32983,18104,33149,18023,29067,13701,27681,12242,27225,11680,27060,11353,27224,11417,27604,11825
83,03083,03083 Jijona/Xixona,7353,10,7369,261,7400,316,7494,460,7596,565,7553,570,7575,627,7516,640,7407,562,7429,645,7423,655,7366,647,7226,536,7205,490,7057,418,6895,379,6875,368,6865,396
84,03084,"03084 Lorcha/Orxa, l'",750,237,735,11,735,25,721,32,743,40,751,56,748,57,749,59,715,61,754,68,729,67,710,61,676,42,650,37,627,35,606,31,596,31,578,30
85,03085,03085 Llíber,522,15,757,418,837,486,930,584,950,605,1001,657,1062,713,1057,712,1056,707,1070,726,1071,742,1091,767,1080,761,1099,777,1110,793,951,630,1051,729,935,616
86,03086,03086 Millena,189,231,178,11,175,15,178,17,186,32,187,35,195,44,201,51,209,59,215,55,217,57,215,58,210,57,224,57,221,55,230,59,229,58,237,57
87,03088,03088 Monforte del Cid,5545,280,5705,339,5864,424,6053,548,6157,612,6497,824,7006,1071,7366,1132,7606,1144,7771,1130,7803,1117,7807,1102,7658,972,7603,885,7500,749,7592,685,7944,819,8165,892
88,03089,03089 Monóvar/Monòver,12077,951,12369,547,12624,757,12727,936,12841,1073,12923,1181,13056,1279,13060,1317,12928,1270,12873,1234,12844,1241,12720,1147,12460,876,12381,850,12272,798,12177,716,12175,745,12167,791
89,03090,03090 Mutxamel,16198,85,16971,1182,17599,1300,18452,1658,19264,1903,20364,2152,21481,2340,22510,2580,23066,2748,23522,2858,23834,3025,23707,2444,24232,2719,24256,2607,24487,2654,24778,2620,25009,2667,25352,2896
90,03091,03091 Murla,368,147,446,137,482,178,515,218,562,264,574,284,601,313,612,327,629,332,609,317,598,313,604,318,509,225,516,228,486,203,477,186,493,207,470,195
91,03092,03092 Muro de Alcoy,7532,943,7652,204,7830,247,8148,356,8446,453,8611,487,8725,564,8893,652,8961,635,9005,678,9010,669,9062,725,9114,769,9167,848,9307,957,9319,985,9328,1056,9324,1096
92,03093,03093 Novelda,24885,5334,25399,1413,25653,1635,26233,1998,26335,1963,26525,2095,27008,2528,27135,2606,27104,2597,26873,2450,26692,2326,26517,2283,26292,2167,26146,2080,26054,1990,25868,1832,25725,1812,25651,1899
93,03094,"03094 Nucia, la",10135,530,11522,6028,10672,4500,12573,5504,14006,6154,15519,6725,16958,7252,17874,7673,18225,7854,18593,7875,19135,8066,19524,8279,20029,8460,20039,8417,19967,8241,18548,6627,18242,6221,18603,6289
94,03095,03095 Ondara,5751,96,5712,549,5749,606,5834,695,6004,802,6217,941,6457,1129,6546,1199,6570,1223,6644,1228,6657,1230,6613,1145,6632,1050,6617,985,6647,1000,6739,1010,6815,1000,6894,1078
95,03096,03096 Onil,6974,561,7144,243,7317,367,7500,476,7466,417,7622,530,7709,636,7771,664,7723,637,7753,689,7697,686,7544,510,7565,553,7548,510,7494,475,7493,479,7475,474,7507,523
96,03097,03097 Orba,1727,11758,1824,668,1968,794,2117,947,2361,1177,2503,1318,2566,1408,2616,1473,2629,1490,2606,1463,2604,1442,2570,1422,2216,1038,2210,1017,2085,871,2035,819,2111,901,2174,949
97,03098,03098 Orxeta,418,196,285,129,675,175,718,208,719,206,758,233,830,288,870,313,875,305,898,321,921,337,916,344,875,296,850,278,778,197,760,182,738,157,736,134
98,03099,03099 Orihuela,61018,897,67731,17866,68778,18438,75009,24324,77979,27310,80468,29758,84626,33654,86164,34875,87113,35876,88714,37143,90087,38283,91260,39022,83417,31028,82675,30275,80359,27977,76097,23697,76778,24308,77414,24904
99,03100,03100 Parcent,809,956,896,270,907,284,960,337,1019,383,1061,410,1066,414,1081,441,1085,461,1123,487,1131,503,1104,503,1020,423,997,407,985,414,965,387,908,340,929,361
100,03101,03101 Pedreguer,6152,8,6483,1146,6489,1169,6733,1411,6857,1506,7097,1694,7480,1969,7602,2079,7603,2068,7659,2077,7751,2153,7757,2073,7438,1703,7337,1587,7431,1622,7435,1598,7490,1589,7699,1749
101,03102,03102 Pego,10231,597,10659,1417,10749,1566,10781,1829,10721,1848,10878,2038,11043,2207,11133,2333,11208,2382,11116,2373,11029,2340,10957,2304,10144,1482,10331,1632,10158,1541,9923,1326,10052,1486,10128,1548
102,03103,03103 Penàguila,369,196,358,9,344,11,354,22,334,9,330,12,323,13,323,17,324,17,332,22,318,24,321,29,324,20,353,36,328,22,308,14,301,13,292,20
103,03104,03104 Petrer,30556,22,31255,826,31919,991,32388,1081,33026,1199,33486,1198,34109,1394,34523,1416,34634,1365,34726,1318,34697,1191,34757,1166,34754,1004,34586,891,34533,845,34533,840,34479,887,34276,898
104,03105,"03105 Pinós, el/Pinoso",6457,597,6645,358,6878,548,7072,692,7315,802,7442,871,7623,1059,7689,1121,7909,1319,7904,1311,7908,1299,7874,1295,7663,1074,7695,1091,7627,1029,7718,1067,7845,1155,7966,1264
105,03106,03106 Planes,796,174,789,35,794,39,793,52,799,75,803,90,839,104,844,109,850,115,836,118,831,120,817,121,778,97,753,85,725,73,733,88,713,76,693,69
106,03107,03107 Polop,2391,165,2489,674,2934,890,3353,1115,3636,1229,3869,1344,4112,1499,4245,1570,4294,1570,4474,1644,4549,1721,4688,1805,4313,1363,4369,1332,4549,1369,4725,1439,4850,1481,4965,1479
107,03109,03109 Rafal,3464,199,3506,232,3586,315,3770,468,3805,474,3901,559,4028,695,4135,736,4181,768,4162,734,4213,721,4170,690,4138,648,4167,630,4218,601,4322,633,4418,684,4498,732
108,03110,"03110 Ràfol d'Almúnia, el",481,84,498,184,536,213,532,206,588,261,635,296,692,338,697,348,726,375,746,382,749,393,719,369,659,310,635,284,630,271,631,273,644,266,653,273
109,03111,03111 Redován,5806,4324,5956,288,6257,415,6645,636,6825,697,6982,773,7261,956,7335,1032,7467,1060,7522,1056,7554,1055,7672,1095,7623,991,7706,966,7765,951,7811,911,7797,943,7869,936
110,03112,03112 Relleu,821,117,856,131,925,200,1022,273,1046,305,1090,370,1205,442,1262,504,1279,527,1338,563,1342,578,1330,584,1258,506,1279,544,1258,545,1118,407,1147,440,1160,435
111,03113,03113 Rojales,9026,66,10681,5940,11657,6890,13807,9009,15987,11096,17543,12587,19247,14225,20510,15404,20953,15851,21583,16463,22006,16883,21686,16551,18824,13669,18127,12955,17622,12427,16231,11007,16560,11283,16963,11656
112,03114,"03114 Romana, la",2069,77,2122,182,2235,286,2361,415,2407,485,2467,547,2539,609,2576,637,2602,658,2554,619,2509,589,2474,559,2465,548,2431,525,2411,516,2377,497,2376,493,2434,548
113,03115,03115 Sagra,416,112,421,76,422,76,456,114,464,142,457,154,434,140,444,155,465,172,454,161,446,150,432,151,408,129,410,133,414,141,393,114,389,112,408,125
114,03116,03116 Salinas,1322,2395,1388,128,1402,138,1466,188,1498,216,1522,215,1588,239,1596,262,1549,213,1559,195,1603,214,1586,213,1583,179,1597,200,1569,180,1562,190,1585,210,1601,211
115,03117,03117 Sanet y Negrals,592,1061,600,134,623,153,664,188,684,201,727,230,740,245,734,248,727,254,717,267,700,262,664,217,670,223,674,232,649,219,634,204,648,214,667,223
116,03118,03118 San Fulgencio,4815,1866,5700,3302,6685,4202,8197,5701,9597,7096,10583,8031,11594,8920,12030,9333,12144,9421,12354,9589,12529,9762,12688,9862,9237,6387,9021,6131,7384,4496,7646,4752,7943,5037,7855,4954
117,03119,03119 Sant Joan d'Alacant,17478,1855,18107,1358,19027,1650,19711,1989,20430,2171,20997,2509,21681,2800,21939,2956,22138,2895,22554,2926,22740,2909,23026,2936,22804,2420,22825,2259,22897,2225,23149,2158,23518,2415,23915,2675
118,03120,03120 San Miguel de Salinas,4678,1050,5333,2498,5781,2944,6620,3808,7104,4271,7625,4794,8056,5176,8135,5285,8057,5186,7862,5000,7602,4718,7012,4126,6911,3983,6773,3844,6193,3253,5797,2864,5811,2869,6034,3091
119,03121,03121 Santa Pola,20965,123,22253,2597,23220,3168,25494,4700,27521,5952,29221,6707,30987,7579,31760,7853,32507,8015,33372,8339,33965,8566,34134,8672,31529,5777,31657,5600,31309,5089,31137,4648,31745,5121,32306,5511
120,03122,03122 San Vicente del Raspeig/Sant Vicent del Raspeig,40599,37,42647,1573,44226,1983,46034,2433,47706,2866,49341,3096,51507,3640,53126,3963,54088,4113,54531,3935,55100,3954,55781,4015,55946,3633,56302,3259,56715,3240,57175,3215,57785,3511,58385,3755
121,03123,03123 Sax,8664,136,8953,257,9222,452,9399,564,9577,674,9716,787,9908,921,10054,979,10099,972,10041,953,10069,962,10091,959,9741,584,9696,544,9700,536,9737,510,9771,552,9845,587
122,03124,03124 Sella,586,165,591,65,620,80,633,89,650,103,639,87,646,94,652,108,649,107,636,100,626,98,615,85,584,69,588,70,584,68,579,68,585,66,580,67
123,03125,03125 Senija,537,6247,542,152,566,182,619,234,649,271,658,264,645,263,636,254,661,271,661,265,642,245,661,253,622,205,610,186,577,158,578,167,581,175,584,181
124,03127,03127 Tàrbena,725,57,736,176,721,190,736,227,751,260,758,278,772,307,792,331,801,342,809,345,809,354,797,354,686,265,661,253,636,226,640,237,627,232,646,241
125,03128,03128 Teulada,10858,99,12299,7592,11060,6344,11983,7234,12745,7885,13281,8400,14236,9328,14620,9703,14778,9829,14722,9787,14578,9621,14452,9414,11824,6790,11460,6366,10654,5557,10097,4948,10722,5520,11112,5823
126,03129,03129 Tibi,1267,17,1299,94,1416,149,1485,193,1572,240,1625,280,1677,311,1719,321,1745,329,1763,352,1761,354,1757,361,1657,254,1656,247,1634,223,1603,204,1564,172,1614,192
127,03130,03130 Tollos,42,28995,38,6,34,6,35,6,43,10,65,10,65,12,68,9,57,10,49,10,45,10,38,5,59,5,52,2,53,7,50,6,56,10,57,14
128,03131,03131 Tormos,312,10,303,94,305,105,328,129,346,150,339,142,375,167,377,170,380,170,383,173,386,183,386,188,317,124,312,116,323,122,333,128,336,126,340,125
129,03132,"03132 Torremanzanas/Torre de les Maçanes, la",695,21,709,33,717,49,727,78,733,78,745,120,758,141,742,139,788,164,802,164,797,177,770,184,743,151,746,140,727,137,682,99,654,103,661,96
130,03133,03133 Torrevieja,69763,42,77943,36091,75530,32541,84348,40188,92034,46337,94006,47779,101381,54282,101792,54327,101091,53332,102136,53570,103720,54869,105205,55989,91415,41434,88447,37843,84213,33665,83252,32618,82599,32033,83337,33207
131,03134,"03134 Vall d'Alcalà, la",170,36,176,10,167,11,167,13,179,14,191,18,186,18,192,18,185,15,187,17,175,15,177,18,175,13,169,13,171,10,168,12,164,13,167,11
132,03135,"03135 Vall d'Ebo, la",338,303,323,22,336,33,328,35,309,28,297,28,299,35,282,32,272,35,284,35,286,35,281,36,254,22,249,18,243,18,232,19,224,18,216,13
133,03136,03136 Vall de Gallinera,578,1789,595,59,590,57,622,87,623,96,672,107,671,119,664,120,662,132,694,149,676,151,609,95,595,104,609,113,582,107,594,109,589,120,571,120
134,03137,"03137 Vall de Laguar, la",885,1029,884,41,894,55,932,107,948,134,937,138,997,175,987,187,981,184,961,169,959,167,942,172,872,116,826,100,801,87,825,101,820,106,846,119
135,03138,"03138 Verger, el",3897,1069,4071,446,4221,576,4490,789,4538,835,4688,992,4847,1119,4865,1108,4858,1077,4899,1111,4992,1159,4856,1034,4688,911,4627,865,4515,759,4421,706,4520,759,4640,830
136,03139,"03139 Villajoyosa/Vila Joiosa, la",25073,3258,26433,2944,26792,3369,27983,4229,29263,4738,30550,5563,32534,6782,33797,7428,34344,7897,32733,6157,33293,6617,33834,7064,33951,6890,33878,6796,33580,6341,33607,6081,33969,6352,34673,6824
137,03140,03140 Villena,32892,243,33455,1524,33889,1845,34185,2168,34186,2186,34523,2590,34928,2970,35222,3054,34968,2908,34966,2740,34894,2633,34834,2601,34530,2289,34361,2155,34163,2053,33968,1970,33983,2032,33964,2276
138,03901,"03901 Poblets, els",2044,37,2274,1289,2242,1276,2404,1378,2865,1721,3078,1886,3267,2013,3288,2030,3310,2073,3394,2097,3404,2109,3402,2071,3350,2025,3303,1976,3246,1895,2926,1590,2864,1553,2705,1384
139,03902,03902 Pilar de la Horadada,13246,,14958,4797,16050,5726,18051,7389,19578,8583,20338,9111,21424,9950,22050,10344,22555,10609,22967,10807,23403,11079,23670,11155,21588,8908,21629,8761,21348,8295,21202,8025,21418,8178,21905,8573
140,03903,"03903 Montesinos, Los",2807,,2964,330,3081,436,3319,589,3654,824,4284,1374,4736,1759,4949,1951,5147,2110,5199,2193,5203,2146,5043,1977,4966,1895,4921,1853,4912,1816,4862,1732,4844,1695,4968,1798
141,03904,03904 San Isidro,1330,,1338,45,1332,39,1368,58,1401,69,1561,107,1708,135,1806,163,1874,172,1934,182,1921,193,1901,201,1891,190,1874,181,1915,218,1920,214,1933,214,1986,239
